Workbook
Name Products: Lists!$A$1:$A$8
Name Shifts: OFFSET('Specs'!$BF$4,0,0,COUNTA('Specs'!$BF$4:$BF$23),1)
Name Operators: OFFSET('Specs'!$BG$4,0,0,COUNTA('Specs'!$BG$4:$BG$23),1)
Name OD_12ESBB45: OFFSET('Specs'!$A$4,0,0,COUNTA('Specs'!$A$4:$A$23),1)
Name ID_12ESBB45: OFFSET('Specs'!$B$4,0,0,COUNTA('Specs'!$B$4:$B$23),1)
Name Braid_12ESBB45: OFFSET('Specs'!$C$4,0,0,COUNTA('Specs'!$C$4:$C$23),1)
Name P090Len_12ESBB45: OFFSET('Specs'!$D$4,0,0,COUNTA('Specs'!$D$4:$D$23),1)
Name P090WC_12ESBB45: OFFSET('Specs'!$E$4,0,0,COUNTA('Specs'!$E$4:$E$23),1)
Name P090App_12ESBB45: OFFSET('Specs'!$F$4,0,0,COUNTA('Specs'!$F$4:$F$23),1)
Name OD_12ESBB60: OFFSET('Specs'!$H$4,0,0,COUNTA('Specs'!$H$4:$H$23),1)
Name ID_12ESBB60: OFFSET('Specs'!$I$4,0,0,COUNTA('Specs'!$I$4:$I$23),1)
Name Braid_12ESBB60: OFFSET('Specs'!$J$4,0,0,COUNTA('Specs'!$J$4:$J$23),1)
Name P090Len_12ESBB60: OFFSET('Specs'!$K$4,0,0,COUNTA('Specs'!$K$4:$K$23),1)
Name P090WC_12ESBB60: OFFSET('Specs'!$L$4,0,0,COUNTA('Specs'!$L$4:$L$23),1)
Name P090App_12ESBB60: OFFSET('Specs'!$M$4,0,0,COUNTA('Specs'!$M$4:$M$23),1)
Name OD_12ENBS45: OFFSET('Specs'!$O$4,0,0,COUNTA('Specs'!$O$4:$O$23),1)
Name ID_12ENBS45: OFFSET('Specs'!$P$4,0,0,COUNTA('Specs'!$P$4:$P$23),1)
Name Braid_12ENBS45: OFFSET('Specs'!$Q$4,0,0,COUNTA('Specs'!$Q$4:$Q$23),1)
Name P090Len_12ENBS45: OFFSET('Specs'!$R$4,0,0,COUNTA('Specs'!$R$4:$R$23),1)
Name P090WC_12ENBS45: OFFSET('Specs'!$S$4,0,0,COUNTA('Specs'!$S$4:$S$23),1)
Name P090App_12ENBS45: OFFSET('Specs'!$T$4,0,0,COUNTA('Specs'!$T$4:$T$23),1)
Name OD_14ESBB45: OFFSET('Specs'!$V$4,0,0,COUNTA('Specs'!$V$4:$V$23),1)
Name ID_14ESBB45: OFFSET('Specs'!$W$4,0,0,COUNTA('Specs'!$W$4:$W$23),1)
Name Braid_14ESBB45: OFFSET('Specs'!$X$4,0,0,COUNTA('Specs'!$X$4:$X$23),1)
Name P090Len_14ESBB45: OFFSET('Specs'!$Y$4,0,0,COUNTA('Specs'!$Y$4:$Y$23),1)
Name P090WC_14ESBB45: OFFSET('Specs'!$Z$4,0,0,COUNTA('Specs'!$Z$4:$Z$23),1)
Name P090App_14ESBB45: OFFSET('Specs'!$AA$4,0,0,COUNTA('Specs'!$AA$4:$AA$23),1)
Name OD_14ESBB60: OFFSET('Specs'!$AC$4,0,0,COUNTA('Specs'!$AC$4:$AC$23),1)
Name ID_14ESBB60: OFFSET('Specs'!$AD$4,0,0,COUNTA('Specs'!$AD$4:$AD$23),1)
Name Braid_14ESBB60: OFFSET('Specs'!$AE$4,0,0,COUNTA('Specs'!$AE$4:$AE$23),1)
Name P090Len_14ESBB60: OFFSET('Specs'!$AF$4,0,0,COUNTA('Specs'!$AF$4:$AF$23),1)
Name P090WC_14ESBB60: OFFSET('Specs'!$AG$4,0,0,COUNTA('Specs'!$AG$4:$AG$23),1)
Name P090App_14ESBB60: OFFSET('Specs'!$AH$4,0,0,COUNTA('Specs'!$AH$4:$AH$23),1)
Name OD_14ESBN45_16: OFFSET('Specs'!$AJ$4,0,0,COUNTA('Specs'!$AJ$4:$AJ$23),1)
Name ID_14ESBN45_16: OFFSET('Specs'!$AK$4,0,0,COUNTA('Specs'!$AK$4:$AK$23),1)
Name Braid_14ESBN45_16: OFFSET('Specs'!$AL$4,0,0,COUNTA('Specs'!$AL$4:$AL$23),1)
Name P090Len_14ESBN45_16: OFFSET('Specs'!$AM$4,0,0,COUNTA('Specs'!$AM$4:$AM$23),1)
Name P090WC_14ESBN45_16: OFFSET('Specs'!$AN$4,0,0,COUNTA('Specs'!$AN$4:$AN$23),1)
Name P090App_14ESBN45_16: OFFSET('Specs'!$AO$4,0,0,COUNTA('Specs'!$AO$4:$AO$23),1)
Name OD_14ESBN45_19: OFFSET('Specs'!$AQ$4,0,0,COUNTA('Specs'!$AQ$4:$AQ$23),1)
Name ID_14ESBN45_19: OFFSET('Specs'!$AR$4,0,0,COUNTA('Specs'!$AR$4:$AR$23),1)
Name Braid_14ESBN45_19: OFFSET('Specs'!$AS$4,0,0,COUNTA('Specs'!$AS$4:$AS$23),1)
Name P090Len_14ESBN45_19: OFFSET('Specs'!$AT$4,0,0,COUNTA('Specs'!$AT$4:$AT$23),1)
Name P090WC_14ESBN45_19: OFFSET('Specs'!$AU$4,0,0,COUNTA('Specs'!$AU$4:$AU$23),1)
Name P090App_14ESBN45_19: OFFSET('Specs'!$AV$4,0,0,COUNTA('Specs'!$AV$4:$AV$23),1)
Name OD_14ENBN45: OFFSET('Specs'!$AX$4,0,0,COUNTA('Specs'!$AX$4:$AX$23),1)
Name ID_14ENBN45: OFFSET('Specs'!$AY$4,0,0,COUNTA('Specs'!$AY$4:$AY$23),1)
Name Braid_14ENBN45: OFFSET('Specs'!$AZ$4,0,0,COUNTA('Specs'!$AZ$4:$AZ$23),1)
Name P090Len_14ENBN45: OFFSET('Specs'!$BA$4,0,0,COUNTA('Specs'!$BA$4:$BA$23),1)
Name P090WC_14ENBN45: OFFSET('Specs'!$BB$4,0,0,COUNTA('Specs'!$BB$4:$BB$23),1)
Name P090App_14ENBN45: OFFSET('Specs'!$BC$4,0,0,COUNTA('Specs'!$BC$4:$BC$23),1)

Sheet Inspection Form
A1: KONNECKT HOSES · F-QA-12 INPROCESS INSPECTION LOG
A2: GENERAL INFO | E2: PROCESS 040 — MATERIAL EXTRUDING | J2: PROCESS 070 — WIRE BRAIDING (18 MACHINES) | AB2: PROCESS 090 — PART OFF / CUTTING
A3: Date | B3: Product | C3: Shift / Sample | D3: Operator | E3: O.D. Spec | F3: O.D. Measured | G3: I.D. Spec | H3: I.D. Measured | I3: Appearance | J3: BR-01 O.D. | K3: BR-02 O.D. | L3: BR-03 O.D. | M3: BR-04 O.D. | N3: BR-05 O.D. | O3: BR-06 O.D. | P3: BR-07 O.D. | Q3: BR-08 O.D. | R3: BR-09 O.D. | S3: BR-10 O.D. | T3: BR-11 O.D. | U3: BR-12 O.D. | V3: BR-13 O.D. | W3: BR-14 O.D. | X3: BR-15 O.D. | Y3: BR-16 O.D. | Z3: BR-17 O.D. | AA3: BR-18 O.D. | AB3: Length | AC3: Wire Cut | AD3: Appearance
E4: =IF(B4="","",VLOOKUP(B4,Lists!$A:$C,2,0)) | G4: =IF(B4="","",VLOOKUP(B4,Lists!$A:$C,3,0))
E5: =IF(B5="","",VLOOKUP(B5,Lists!$A:$C,2,0)) | G5: =IF(B5="","",VLOOKUP(B5,Lists!$A:$C,3,0))
E6: =IF(B6="","",VLOOKUP(B6,Lists!$A:$C,2,0)) | G6: =IF(B6="","",VLOOKUP(B6,Lists!$A:$C,3,0))
E7: =IF(B7="","",VLOOKUP(B7,Lists!$A:$C,2,0)) | G7: =IF(B7="","",VLOOKUP(B7,Lists!$A:$C,3,0))
E8: =IF(B8="","",VLOOKUP(B8,Lists!$A:$C,2,0)) | G8: =IF(B8="","",VLOOKUP(B8,Lists!$A:$C,3,0))
E9: =IF(B9="","",VLOOKUP(B9,Lists!$A:$C,2,0)) | G9: =IF(B9="","",VLOOKUP(B9,Lists!$A:$C,3,0))
E10: =IF(B10="","",VLOOKUP(B10,Lists!$A:$C,2,0)) | G10: =IF(B10="","",VLOOKUP(B10,Lists!$A:$C,3,0))
E11: =IF(B11="","",VLOOKUP(B11,Lists!$A:$C,2,0)) | G11: =IF(B11="","",VLOOKUP(B11,Lists!$A:$C,3,0))
E12: =IF(B12="","",VLOOKUP(B12,Lists!$A:$C,2,0)) | G12: =IF(B12="","",VLOOKUP(B12,Lists!$A:$C,3,0))
E13: =IF(B13="","",VLOOKUP(B13,Lists!$A:$C,2,0)) | G13: =IF(B13="","",VLOOKUP(B13,Lists!$A:$C,3,0))
E14: =IF(B14="","",VLOOKUP(B14,Lists!$A:$C,2,0)) | G14: =IF(B14="","",VLOOKUP(B14,Lists!$A:$C,3,0))
E15: =IF(B15="","",VLOOKUP(B15,Lists!$A:$C,2,0)) | G15: =IF(B15="","",VLOOKUP(B15,Lists!$A:$C,3,0))
... E103: =IF(B103="","",VLOOKUP(B103,Lists!$A:$C,2,0)) | G103: =IF(B103="","",VLOOKUP(B103,Lists!$A:$C,3,0))

Sheet Specs
A1: ✏ SPECS CONFIGURATION — Edit measurement bands below. Each column has 20 slots (rows 4–23). Add / remove values freely — all dropdowns in the Inspection Form update automatically.
A2: 12ESBB45 - SS Braid+Brass Nut | H2: 12ESBB60 - SS Braid+Brass Nut | O2: 12ENBS45 - Nylon Braid+SS Nut | V2: 14ESBB45 - SS Braid+Brass Nut | AC2: 14ESBB60 - SS Braid+Brass Nut | AJ2: 14ESBN45-16 - SS Braid+Nylon Nut 16 | AQ2: 14ESBN45-19 - SS Braid+Nylon Nut 19mm | AX2: 14ENBN45 - Nylon Braid+Nylon Nut | BF2: SHARED
A3: P040 O.D. | B3: P040 I.D. | C3: P070 Braid O.D. | D3: P090 Length | E3: P090 Wire Cut | F3: P090 Appearance | H3: P040 O.D. | I3: P040 I.D. | J3: P070 Braid O.D. | K3: P090 Length | L3: P090 Wire Cut | M3: P090 Appearance | O3: P040 O.D. | P3: P040 I.D. | Q3: P070 Braid O.D. | R3: P090 Length | S3: P090 Wire Cut | T3: P090 Appearance | V3: P040 O.D. | W3: P040 I.D. | X3: P070 Braid O.D. | Y3: P090 Length | Z3: P090 Wire Cut | AA3: P090 Appearance | AC3: P040 O.D. | AD3: P040 I.D. | AE3: P070 Braid O.D. | AF3: P090 Length | AG3: P090 Wire Cut | AH3: P090 Appearance | AJ3: P040 O.D. | AK3: P040 I.D. | AL3: P070 Braid O.D. | AM3: P090 Length | AN3: P090 Wire Cut | AO3: P090 Appearance | AQ3: P040 O.D. | AR3: P040 I.D. | AS3: P070 Braid O.D. | AT3: P090 Length | AU3: P090 Wire Cut | AV3: P090 Appearance | AX3: P040 O.D. | AY3: P040 I.D. | AZ3: P070 Braid O.D. | BA3: P090 Length | BB3: P090 Wire Cut | BC3: P090 Appearance | BF3: Shifts | BG3: Operators
A4: <11.00 FAIL | B4: <8.00 FAIL | C4: <11.20 | D4: >425 | E4: None (OK) | F4: OK | H4: <11.00 FAIL | I4: <8.00 FAIL | J4: <11.20 | K4: >580 | L4: None (OK) | M4: OK | O4: <11.00 FAIL | P4: <8.00 FAIL | Q4: 13.00-13.25 | R4: Correct | S4: None (OK) | T4: OK | V4: <13.00 FAIL | W4: <9.30 FAIL | X4: 13.00-13.25 | Y4: Correct | Z4: None (OK) | AA4: OK | AC4: <13.00 FAIL | AD4: <9.30 FAIL | AE4: 13.00-13.25 | AF4: Correct | AG4: None (OK) | AH4: OK | AJ4: <13.00 FAIL | AK4: <9.30 FAIL | AL4: 13.00-13.25 | AM4: Correct | AN4: None (OK) | AO4: OK | AQ4: <13.00 FAIL | AR4: <9.30 FAIL | AS4: 13.00-13.25 | AT4: Correct | AU4: None (OK) | AV4: OK | AX4: <13.00 FAIL | AY4: <9.30 FAIL | AZ4: 13.00-13.25 | BA4: Correct | BB4: None (OK) | BC4: OK | BF4: Approval Sample | BG4: Amit
A5: 11.00-11.09 | B5: 8.00-8.09 | C5: 11.21-11.30 | D5: 426-430 | E5: Wire Cut (FAIL) | F5: Defect Found (FAIL) | H5: 11.00-11.09 | I5: 8.00-8.09 | J5: 11.21-11.30 | K5: 581-585 | L5: Wire Cut (FAIL) | M5: Defect Found (FAIL) | O5: 11.00-11.09 | P5: 8.00-8.09 | Q5: 13.26-13.50 | R5: Wrong Length (FAIL) | S5: Wire Cut (FAIL) | T5: Defect Found (FAIL) | V5: 13.00-13.25 | W5: 9.30-9.55 | X5: 13.26-13.50 | Y5: Wrong Length (FAIL) | Z5: Wire Cut (FAIL) | AA5: Defect Found (FAIL) | AC5: 13.00-13.25 | AD5: 9.30-9.55 | AE5: 13.26-13.50 | AF5: Wrong Length (FAIL) | AG5: Wire Cut (FAIL) | AH5: Defect Found (FAIL) | AJ5: 13.00-13.25 | AK5: 9.30-9.55 | AL5: 13.26-13.50 | AM5: Wrong Length (FAIL) | AN5: Wire Cut (FAIL) | AO5: Defect Found (FAIL) | AQ5: 13.00-13.25 | AR5: 9.30-9.55 | AS5: 13.26-13.50 | AT5: Wrong Length (FAIL) | AU5: Wire Cut (FAIL) | AV5: Defect Found (FAIL) | AX5: 13.00-13.25 | AY5: 9.30-9.55 | AZ5: 13.26-13.50 | BA5: Wrong Length (FAIL) | BB5: Wire Cut (FAIL) | BC5: Defect Found (FAIL) | BF5: 09:00 | BG5: Ankita
A6: 11.10-11.19 | B6: 8.10-8.19 | C6: 11.31-11.40 | D6: 431-435 | H6: 11.10-11.19 | I6: 8.10-8.19 | J6: 11.31-11.40 | K6: 586-590 | O6: 11.10-11.19 | P6: 8.10-8.19 | Q6: 13.51-13.75 | V6: 13.26-13.50 | W6: 9.56-9.80 | X6: 13.51-13.75 | AC6: 13.26-13.50 | AD6: 9.56-9.80 | AE6: 13.51-13.75 | AJ6: 13.26-13.50 | AK6: 9.56-9.80 | AL6: 13.51-13.75 | AQ6: 13.26-13.50 | AR6: 9.56-9.80 | AS6: 13.51-13.75 | AX6: 13.26-13.50 | AY6: 9.56-9.80 | AZ6: 13.51-13.75 | BF6: 12:00 | BG6: Dinesh
A7: 11.20-11.29 | B7: 8.20-8.29 | C7: 11.41-11.50 | D7: 436-440 | H7: 11.20-11.29 | I7: 8.20-8.29 | J7: 11.41-11.50 | K7: 591-595 | O7: 11.20-11.29 | P7: 8.20-8.29 | Q7: 13.76-14.00 | V7: 13.51-13.75 | W7: 9.81-10.05 | X7: 13.76-14.00 | AC7: 13.51-13.75 | AD7: 9.81-10.05 | AE7: 13.76-14.00 | AJ7: 13.51-13.75 | AK7: 9.81-10.05 | AL7: 13.76-14.00 | AQ7: 13.51-13.75 | AR7: 9.81-10.05 | AS7: 13.76-14.00 | AX7: 13.51-13.75 | AY7: 9.81-10.05 | AZ7: 13.76-14.00 | BF7: 14:00 | BG7: Kelash
A8: 11.30-11.39 | B8: 8.30-8.39 | C8: 11.51-11.60 | D8: 441-445 | H8: 11.30-11.39 | I8: 8.30-8.39 | J8: 11.51-11.60 | K8: 596-600 | O8: 11.30-11.39 | P8: 8.30-8.39 | V8: 13.76-14.00 | W8: 10.06-10.30 | AC8: 13.76-14.00 | AD8: 10.06-10.30 | AJ8: 13.76-14.00 | AK8: 10.06-10.30 | AQ8: 13.76-14.00 | AR8: 10.06-10.30 | AX8: 13.76-14.00 | AY8: 10.06-10.30 | BF8: 17:00 | BG8: Ramesh
A9: 11.40-11.49 | B9: 8.40-8.49 | C9: 11.61-11.70 | D9: 446-450 | H9: 11.40-11.49 | I9: 8.40-8.49 | J9: 11.61-11.70 | K9: 601-605 | O9: 11.40-11.49 | P9: 8.40-8.49 | V9: >14.00 FAIL | W9: >10.30 FAIL | AC9: >14.00 FAIL | AD9: >10.30 FAIL | AJ9: >14.00 FAIL | AK9: >10.30 FAIL | AQ9: >14.00 FAIL | AR9: >10.30 FAIL | AX9: >14.00 FAIL | AY9: >10.30 FAIL | BF9: Last of Shift | BG9: Ramu
A10: 11.50-11.59 | B10: 8.50-8.59 | C10: 11.71-11.80 | D10: >451 | H10: 11.50-11.59 | I10: 8.50-8.59 | J10: 11.71-11.80 | K10: >606 (Fail) | O10: 11.50-11.59 | P10: 8.50-8.59 | BG10: Suresh
A11: 11.60-11.69 | B11: >8.60 FAIL | C11: 11.81-11.90 | H11: 11.60-11.69 | I11: >8.60 FAIL | J11: 11.81-11.90 | O11: 11.60-11.69 | P11: >8.60 FAIL | BG11: Other
A12: 11.70-11.79 | C12: 11.91-12.00 | H12: 11.70-11.79 | J12: 11.91-12.00 | O12: 11.70-11.79
A13: 11.80-11.89 | C13: 12.01-12.10 | H13: 11.80-11.89 | J13: 12.01-12.10 | O13: 11.80-11.89
A14: 11.90-11.99 | C14: 12.11-12.20 | H14: 11.90-11.99 | J14: 12.11-12.20 | O14: 11.90-11.99
A15: 12.00-12.09 | C15: 12.21-12.30 | H15: 12.00-12.09 | J15: 12.21-12.30 | O15: 12.00-12.09
A16: 12.10-12.19 | C16: 12.31-12.40 | H16: 12.10-12.19 | J16: 12.31-12.40 | O16: 12.10-12.19
A17: >12.20 FAIL | C17: 12.41-12.50 | H17: >12.20 FAIL | J17: 12.41-12.50 | O17: >12.20 FAIL
C18: >12.51 | J18: >12.51
A24: ↑ add here | B24: ↑ add here | C24: ↑ add here | D24: ↑ add here | E24: ↑ add here | F24: ↑ add here | H24: ↑ add here | I24: ↑ add here | J24: ↑ add here | K24: ↑ add here | L24: ↑ add here | M24: ↑ add here | O24: ↑ add here | P24: ↑ add here | Q24: ↑ add here | R24: ↑ add here | S24: ↑ add here | T24: ↑ add here | V24: ↑ add here | W24: ↑ add here | X24: ↑ add here | Y24: ↑ add here | Z24: ↑ add here | AA24: ↑ add here | AC24: ↑ add here | AD24: ↑ add here | AE24: ↑ add here | AF24: ↑ add here | AG24: ↑ add here | AH24: ↑ add here | AJ24: ↑ add here | AK24: ↑ add here | AL24: ↑ add here | AM24: ↑ add here | AN24: ↑ add here | AO24: ↑ add here | AQ24: ↑ add here | AR24: ↑ add here | AS24: ↑ add here | AT24: ↑ add here | AU24: ↑ add here | AV24: ↑ add here | AX24: ↑ add here | AY24: ↑ add here | AZ24: ↑ add here | BA24: ↑ add here | BB24: ↑ add here | BC24: ↑ add here

Sheet Lists
A1: 12ESBB45 - SS Braid+Brass Nut | B1: 11.00-12.20 mm | C1: 8.00-8.60 mm
A2: 12ESBB60 - SS Braid+Brass Nut | B2: 11.00-12.20 mm | C2: 8.00-8.60 mm
A3: 12ENBS45 - Nylon Braid+SS Nut | B3: 11.00-12.20 mm | C3: 8.00-8.60 mm
A4: 14ESBB45 - SS Braid+Brass Nut | B4: 13.00-14.00 mm | C4: 9.30-10.30 mm
A5: 14ESBB60 - SS Braid+Brass Nut | B5: 13.00-14.00 mm | C5: 9.30-10.30 mm
A6: 14ESBN45-16 - SS Braid+Nylon Nut 16 | B6: 13.00-14.00 mm | C6: 9.30-10.30 mm
A7: 14ESBN45-19 - SS Braid+Nylon Nut 19mm | B7: 13.00-14.00 mm | C7: 9.30-10.30 mm
A8: 14ENBN45 - Nylon Braid+Nylon Nut | B8: 13.00-14.00 mm | C8: 9.30-10.30 mm
